date,cti
31/12/2018,540.0
01/01/2019,545.0
02/01/2019,550.0
03/01/2019,545.0
04/01/2019,546.0
05/01/2019,552.0
06/01/2019,555.0
07/01/2019,548.0
08/01/2019,536.0
09/01/2019,545.0
10/01/2019,553.0
11/01/2019,569.0
12/01/2019,568.0
13/01/2019,571.0
14/01/2019,563.0
15/01/2019,569.0
16/01/2019,565.0
17/01/2019,557.0
18/01/2019,555.0
19/01/2019,551.0
20/01/2019,557.0
21/01/2019,547.0
22/01/2019,540.0
23/01/2019,534.0
24/01/2019,532.0
25/01/2019,540.0
26/01/2019,535.0
27/01/2019,538.0
28/01/2019,545.0
29/01/2019,647.0
30/01/2019,646.0
31/01/2019,641.0
01/02/2019,635.0
02/02/2019,598.0
03/02/2019,598.0
04/02/2019,593.0
05/02/2019,633.0
06/02/2019,648.0
07/02/2019,658.0
08/02/2019,657.0
09/02/2019,660.0
10/02/2019,655.0
11/02/2019,666.0
12/02/2019,672.0
13/02/2019,664.0
14/02/2019,665.0
15/02/2019,652.0
16/02/2019,637.0
17/02/2019,646.0
18/02/2019,689.0
19/02/2019,661.0
20/02/2019,665.0
21/02/2019,665.0
22/02/2019,668.0
23/02/2019,673.0
24/02/2019,704.0
25/02/2019,673.0
26/02/2019,704.0
27/02/2019,673.0
28/02/2019,656.0
01/03/2019,656.0
02/03/2019,661.0
03/03/2019,695.0
04/03/2019,701.0
05/03/2019,699.0
06/03/2019,693.0
07/03/2019,681.0
08/03/2019,695.0
09/03/2019,698.0
10/03/2019,680.0
11/03/2019,679.0
12/03/2019,684.0
13/03/2019,641.0
14/03/2019,698.0
15/03/2019,677.0
16/03/2019,648.0
17/03/2019,671.0
18/03/2019,669.0
19/03/2019,693.0
20/03/2019,695.0
21/03/2019,678.0
22/03/2019,666.0
23/03/2019,663.0
24/03/2019,684.0
25/03/2019,654.0
26/03/2019,658.0
27/03/2019,657.0
28/03/2019,642.0
29/03/2019,635.0
30/03/2019,633.0
31/03/2019,666.0
01/04/2019,678.0
02/04/2019,695.0
03/04/2019,676.0
04/04/2019,634.0
05/04/2019,659.0
06/04/2019,665.0
07/04/2019,550.0
08/04/2019,648.0
09/04/2019,652.0
10/04/2019,675.0
11/04/2019,671.0
12/04/2019,677.0
13/04/2019,668.0
14/04/2019,631.0
15/04/2019,634.0
16/04/2019,636.0
17/04/2019,632.0
18/04/2019,642.0
19/04/2019,633.0
20/04/2019,723.0
21/04/2019,754.0
22/04/2019,744.0
23/04/2019,766.0
24/04/2019,762.0
25/04/2019,750.0
26/04/2019,753.0
27/04/2019,779.0
28/04/2019,766.0
29/04/2019,759.0
30/04/2019,750.0
01/05/2019,751.0
02/05/2019,752.0
03/05/2019,744.0
04/05/2019,766.0
05/05/2019,762.0
06/05/2019,750.0
07/05/2019,753.0
08/05/2019,779.0
09/05/2019,766.0
10/05/2019,759.0
11/05/2019,750.0
12/05/2019,755.0
13/05/2019,732.0
14/05/2019,750.0
15/05/2019,751.0
16/05/2019,752.0
17/05/2019,780.0
18/05/2019,740.0
19/05/2019,733.0
20/05/2019,766.0
21/05/2019,750.0
22/05/2019,742.0
23/05/2019,757.0
24/05/2019,769.0
25/05/2019,770.0
26/05/2019,750.0
27/05/2019,762.0
28/05/2019,764.0
29/05/2019,751.0
30/05/2019,741.0
31/05/2019,743.0
01/06/2019,545.0
02/06/2019,550.0
03/06/2019,546.0
04/06/2019,545.0
05/06/2019,546.0
06/06/2019,552.0
07/06/2019,555.0
08/06/2019,548.0
09/06/2019,536.0
10/06/2019,545.0
11/06/2019,553.0
12/06/2019,569.0
13/06/2019,568.0
14/06/2019,571.0
15/06/2019,563.0
16/06/2019,569.0
17/06/2019,565.0
18/06/2019,569.0
19/06/2019,557.0
20/06/2019,555.0
21/06/2019,551.0
22/06/2019,557.0
23/06/2019,547.0
24/06/2019,540.0
25/06/2019,534.0
26/06/2019,532.0
27/06/2019,540.0
28/06/2019,535.0
29/06/2019,538.0
30/06/2019,545.0
01/07/2019,647.0
02/07/2019,646.0
03/07/2019,641.0
04/07/2019,635.0
05/07/2019,598.0
06/07/2019,598.0
07/07/2019,593.0
08/07/2019,633.0
09/07/2019,648.0
10/07/2019,658.0
11/07/2019,657.0
12/07/2019,660.0
13/07/2019,655.0
14/07/2019,666.0
15/07/2019,672.0
16/07/2019,664.0
17/07/2019,665.0
18/07/2019,652.0
19/07/2019,637.0
20/07/2019,646.0
21/07/2019,689.0
22/07/2019,661.0
23/07/2019,665.0
24/07/2019,665.0
25/07/2019,668.0
26/07/2019,673.0
27/07/2019,704.0
28/07/2019,673.0
29/07/2019,656.0
30/07/2019,656.0
31/07/2019,661.0
01/08/2019,695.0
02/08/2019,701.0
03/08/2019,699.0
04/08/2019,693.0
05/08/2019,681.0
06/08/2019,695.0
07/08/2019,698.0
08/08/2019,680.0
09/08/2019,679.0
10/08/2019,641.0
11/08/2019,698.0
12/08/2019,677.0
13/08/2019,648.0
14/08/2019,671.0
15/08/2019,669.0
16/08/2019,693.0
17/08/2019,695.0
18/08/2019,678.0
19/08/2019,666.0
20/08/2019,663.0
21/08/2019,654.0
22/08/2019,658.0
23/08/2019,658.0
24/08/2019,657.0
25/08/2019,642.0
26/08/2019,635.0
27/08/2019,634.0
28/08/2019,633.0
29/08/2019,666.0
30/08/2019,670.0
31/08/2019,679.0
01/09/2019,684.0
02/09/2019,681.0
03/09/2019,666.0
04/09/2019,678.0
05/09/2019,679.0
06/09/2019,680.0
07/09/2019,681.0
08/09/2019,676.0
09/09/2019,634.0
10/09/2019,659.0
11/09/2019,665.0
12/09/2019,648.0
13/09/2019,652.0
14/09/2019,675.0
15/09/2019,671.0
16/09/2019,677.0
17/09/2019,668.0
18/09/2019,631.0
19/09/2019,634.0
20/09/2019,636.0
21/09/2019,632.0
22/09/2019,642.0
23/09/2019,633.0
24/09/2019,634.0
25/09/2019,635.0
26/09/2019,636.0
27/09/2019,637.0
28/09/2019,638.0
29/09/2019,639.0
30/09/2019,670.0
01/10/2019,723.0
02/10/2019,754.0
03/10/2019,752.0
04/10/2019,744.0
05/10/2019,766.0
06/10/2019,762.0
07/10/2019,750.0
08/10/2019,753.0
09/10/2019,779.0
10/10/2019,766.0
11/10/2019,759.0
12/10/2019,750.0
13/10/2019,755.0
14/10/2019,732.0
15/10/2019,750.0
16/10/2019,751.0
17/10/2019,752.0
18/10/2019,780.0
19/10/2019,740.0
20/10/2019,733.0
21/10/2019,766.0
22/10/2019,750.0
23/10/2019,742.0
24/10/2019,757.0
25/10/2019,769.0
26/10/2019,770.0
27/10/2019,750.0
28/10/2019,762.0
29/10/2019,764.0
30/10/2019,760.0
31/10/2019,754.0
01/11/2019,751.0
02/11/2019,741.0
03/11/2019,743.0
04/11/2019,714.0
05/11/2019,693.0
06/11/2019,687.0
07/11/2019,690.0
08/11/2019,695.0
09/11/2019,664.0
10/11/2019,679.0
11/11/2019,676.0
12/11/2019,691.0
13/11/2019,690.0
14/11/2019,672.0
15/11/2019,686.0
16/11/2019,703.0
17/11/2019,664.0
18/11/2019,693.0
19/11/2019,683.0
20/11/2019,688.0
21/11/2019,715.0
22/11/2019,712.0
23/11/2019,707.0
24/11/2019,699.0
25/11/2019,687.0
26/11/2019,705.0
27/11/2019,687.0
28/11/2019,685.0
29/11/2019,693.0
30/11/2019,699.0
01/12/2019,704.0
02/12/2019,705.0
03/12/2019,704.0
04/12/2019,696.0
05/12/2019,690.0
06/12/2019,682.0
07/12/2019,706.0
08/12/2019,704.0
09/12/2019,700.0
10/12/2019,713.0
11/12/2019,705.0
12/12/2019,701.0
13/12/2019,744.0
14/12/2019,723.0
15/12/2019,720.0
16/12/2019,725.0
17/12/2019,730.0
18/12/2019,753.0
19/12/2019,757.0
20/12/2019,769.0
21/12/2019,753.0
22/12/2019,745.0
23/12/2019,741.0
24/12/2019,730.0
25/12/2019,719.0
26/12/2019,709.0
27/12/2019,695.0
28/12/2019,682.0
29/12/2019,687.0
30/12/2019,681.0
31/12/2019,676.0
01/01/2020,671.0
02/01/2020,662.0
03/01/2020,686.0
04/01/2020,696.0
05/01/2020,702.0
06/01/2020,688.0
07/01/2020,734.0
08/01/2020,753.0
09/01/2020,773.0
10/01/2020,783.0
11/01/2020,757.0
12/01/2020,770.0
13/01/2020,782.0
14/01/2020,782.0
15/01/2020,816.0
16/01/2020,806.0
17/01/2020,823.0
18/01/2020,826.0
19/01/2020,815.0
20/01/2020,820.0
21/01/2020,831.0
22/01/2020,841.0
23/01/2020,813.0
24/01/2020,814.0
25/01/2020,818.0
26/01/2020,821.0
27/01/2020,797.0
28/01/2020,792.0
29/01/2020,824.0
30/01/2020,815.0
31/01/2020,812.0
01/02/2020,810.0
02/02/2020,789.0
03/02/2020,781.0
04/02/2020,797.0
05/02/2020,795.0
06/02/2020,799.0
07/02/2020,793.0
08/02/2020,780.0
09/02/2020,746.0
10/02/2020,734.0
11/02/2020,764.0
12/02/2020,793.0
13/02/2020,790.0
14/02/2020,800.0
15/02/2020,786.0
16/02/2020,789.0
17/02/2020,774.0
18/02/2020,770.0
19/02/2020,766.0
20/02/2020,789.0
21/02/2020,784.0
22/02/2020,760.0
23/02/2020,761.0
24/02/2020,784.0
25/02/2020,802.0
26/02/2020,791.0
27/02/2020,799.0
28/02/2020,801.0
29/02/2020,804.0
01/03/2020,806.0
02/03/2020,785.0
03/03/2020,780.0
04/03/2020,796.0
05/03/2020,807.0
06/03/2020,825.0
07/03/2020,812.0
08/03/2020,804.0
09/03/2020,798.0
10/03/2020,778.0
11/03/2020,780.0
12/03/2020,795.0
13/03/2020,817.0
14/03/2020,798.0
15/03/2020,805.0
16/03/2020,797.0
17/03/2020,791.0
18/03/2020,762.0
19/03/2020,762.0
20/03/2020,716.0
21/03/2020,713.0
22/03/2020,705.0
23/03/2020,718.0
24/03/2020,756.0
25/03/2020,732.0
26/03/2020,719.0
27/03/2020,745.0
28/03/2020,737.0
29/03/2020,739.0
30/03/2020,745.0
31/03/2020,750.0
01/04/2020,755.0
02/04/2020,770.0
03/04/2020,792.0
04/04/2020,795.0
05/04/2020,793.0
06/04/2020,783.0
07/04/2020,776.0
08/04/2020,782.0
09/04/2020,776.0
10/04/2020,757.0
11/04/2020,745.0
12/04/2020,731.0
13/04/2020,717.0
14/04/2020,726.0
15/04/2020,788.0
16/04/2020,799.0
17/04/2020,820.0
18/04/2020,816.0
19/04/2020,809.0
20/04/2020,810.0
21/04/2020,822.0
22/04/2020,815.0
23/04/2020,812.0
24/04/2020,817.0
25/04/2020,811.0
26/04/2020,819.0
27/04/2020,823.0
28/04/2020,838.0
29/04/2020,851.0
30/04/2020,869.0
01/05/2020,880.0
02/05/2020,861.0
03/05/2020,874.0
04/05/2020,838.0
05/05/2020,818.0
06/05/2020,806.0
07/05/2020,826.0
08/05/2020,831.0
09/05/2020,833.0
10/05/2020,803.0
11/05/2020,825.0
12/05/2020,816.0
13/05/2020,843.0
14/05/2020,837.0
15/05/2020,855.0
16/05/2020,865.0
17/05/2020,828.0
18/05/2020,837.0
19/05/2020,823.0
20/05/2020,814.0
21/05/2020,802.0
22/05/2020,808.0
23/05/2020,796.0
24/05/2020,799.0
25/05/2020,795.0
26/05/2020,766.0
27/05/2020,767.0
28/05/2020,781.0
29/05/2020,792.0
30/05/2020,785.0
31/05/2020,771.0
01/06/2020,764.0
02/06/2020,786.0
03/06/2020,791.0
04/06/2020,786.0
05/06/2020,781.0
06/06/2020,777.0
07/06/2020,758.0
08/06/2020,767.0
09/06/2020,783.0
10/06/2020,800.0
11/06/2020,831.0
12/06/2020,826.0
13/06/2020,809.0
14/06/2020,800.0
15/06/2020,794.0
16/06/2020,801.0
17/06/2020,783.0
18/06/2020,782.0
19/06/2020,785.0
20/06/2020,776.0
21/06/2020,787.0
22/06/2020,770.0
23/06/2020,793.0
24/06/2020,769.0
25/06/2020,763.0
26/06/2020,786.0
27/06/2020,776.0
28/06/2020,775.0
29/06/2020,794.0
30/06/2020,801.0
01/07/2020,818.0
02/07/2020,836.0
03/07/2020,813.0
04/07/2020,799.0
05/07/2020,810.0
06/07/2020,795.0
07/07/2020,800.0
08/07/2020,796.0
09/07/2020,781.0
10/07/2020,788.0
11/07/2020,765.0
12/07/2020,763.0
13/07/2020,779.0
14/07/2020,809.0
15/07/2020,818.0
16/07/2020,832.0
17/07/2020,810.0
18/07/2020,822.0
19/07/2020,802.0
20/07/2020,797.0
21/07/2020,800.0
22/07/2020,778.0
23/07/2020,780.0
24/07/2020,770.0
25/07/2020,758.0
26/07/2020,754.0
27/07/2020,753.0
28/07/2020,752.0
29/07/2020,791.0
30/07/2020,793.0
31/07/2020,799.0
01/08/2020,798.0
02/08/2020,786.0
03/08/2020,783.0
04/08/2020,762.0
05/08/2020,757.0
06/08/2020,750.0
07/08/2020,764.0
08/08/2020,762.0
09/08/2020,754.0
10/08/2020,759.0
11/08/2020,823.0
12/08/2020,801.0
13/08/2020,798.0
14/08/2020,841.0
15/08/2020,824.0
16/08/2020,822.0
17/08/2020,804.0
18/08/2020,790.0
19/08/2020,813.0
20/08/2020,834.0
21/08/2020,845.0
22/08/2020,826.0
23/08/2020,814.0
24/08/2020,809.0
25/08/2020,812.0
26/08/2020,810.0
27/08/2020,808.0
28/08/2020,805.0
29/08/2020,790.0
30/08/2020,796.0
31/08/2020,789.0
01/09/2020,885.0
02/09/2020,897.0
03/09/2020,921.0
04/09/2020,917.0
05/09/2020,873.0
06/09/2020,884.0
07/09/2020,885.0
08/09/2020,886.0
09/09/2020,885.0
10/09/2020,884.0
11/09/2020,878.0
12/09/2020,864.0
13/09/2020,858.0
14/09/2020,852.0
15/09/2020,849.0
16/09/2020,802.0
17/09/2020,838.0
18/09/2020,820.0
19/09/2020,815.0
20/09/2020,813.0
21/09/2020,807.0
22/09/2020,795.0
23/09/2020,790.0
24/09/2020,771.0
25/09/2020,806.0
26/09/2020,801.0
27/09/2020,798.0
28/09/2020,805.0
29/09/2020,809.0
30/09/2020,812.0
01/10/2020,814.0
02/10/2020,815.0
03/10/2020,784.0
04/10/2020,775.0
05/10/2020,785.0
06/10/2020,780.0
07/10/2020,797.0
08/10/2020,793.0
09/10/2020,810.0
10/10/2020,805.0
11/10/2020,796.0
12/10/2020,800.0
13/10/2020,788.0
14/10/2020,796.0
15/10/2020,799.0
16/10/2020,808.0
17/10/2020,822.0
18/10/2020,807.0
19/10/2020,827.0
20/10/2020,835.0
21/10/2020,850.0
22/10/2020,857.0
23/10/2020,858.0
24/10/2020,845.0
25/10/2020,839.0
26/10/2020,840.0
27/10/2020,830.0
28/10/2020,817.0
29/10/2020,816.0
30/10/2020,814.0
31/10/2020,812.0
01/11/2020,811.0
02/11/2020,814.0
03/11/2020,809.0
04/11/2020,807.0
05/11/2020,801.0
06/11/2020,796.0
07/11/2020,778.0
08/11/2020,777.0
09/11/2020,775.0
10/11/2020,778.0
11/11/2020,801.0
12/11/2020,806.0
13/11/2020,794.0
14/11/2020,775.0
15/11/2020,767.0
16/11/2020,767.0
17/11/2020,773.0
18/11/2020,781.0
19/11/2020,785.0
20/11/2020,779.0
21/11/2020,752.0
22/11/2020,736.0
23/11/2020,731.0
24/11/2020,757.0
25/11/2020,758.0
26/11/2020,744.0
27/11/2020,743.0
28/11/2020,732.0
29/11/2020,731.0
30/11/2020,729.0
01/12/2020,728.0
02/12/2020,727.0
03/12/2020,725.0
04/12/2020,723.0
05/12/2020,716.0
06/12/2020,712.0
07/12/2020,585.0
08/12/2020,735.0
09/12/2020,739.0
10/12/2020,738.0
11/12/2020,736.0
12/12/2020,734.0
13/12/2020,732.0
14/12/2020,730.0
15/12/2020,728.0
16/12/2020,726.0
17/12/2020,724.0
18/12/2020,722.0
19/12/2020,720.0
20/12/2020,718.0
21/12/2020,716.0
22/12/2020,714.0
23/12/2020,712.0
24/12/2020,710.0
25/12/2020,709.0
26/12/2020,708.0
27/12/2020,707.0
28/12/2020,706.0
29/12/2020,705.0
30/12/2020,705.0
31/12/2020,704.0
01/01/2021,704.0
02/01/2021,691.0
03/01/2021,687.0
04/01/2021,696.0
05/01/2021,728.0
06/01/2021,754.0
07/01/2021,736.0
08/01/2021,746.0
09/01/2021,741.0
10/01/2021,741.0
11/01/2021,730.0
12/01/2021,747.0
13/01/2021,808.0
14/01/2021,812.0
15/01/2021,812.0
16/01/2021,806.0
17/01/2021,790.0
18/01/2021,812.0
19/01/2021,811.0
20/01/2021,837.0
21/01/2021,832.0
22/01/2021,842.0
23/01/2021,841.0
24/01/2021,822.0
25/01/2021,811.0
26/01/2021,825.0
27/01/2021,826.0
28/01/2021,815.0
29/01/2021,814.0
30/01/2021,815.0
31/01/2021,814.0
01/02/2021,814.0
02/02/2021,813.0
03/02/2021,800.0
04/02/2021,830.0
05/02/2021,841.0
06/02/2021,831.0
07/02/2021,841.0
08/02/2021,830.0
09/02/2021,846.0
10/02/2021,823.0
11/02/2021,825.0
12/02/2021,815.0
13/02/2021,798.0
14/02/2021,793.0
15/02/2021,771.0
16/02/2021,756.0
17/02/2021,785.0
18/02/2021,788.0
19/02/2021,788.0
20/02/2021,782.0
21/02/2021,791.0
22/02/2021,787.0
23/02/2021,756.0
24/02/2021,743.0
25/02/2021,745.0
26/02/2021,740.0
27/02/2021,735.0
28/02/2021,744.0
01/03/2021,737.0
02/03/2021,767.0
03/03/2021,824.0
04/03/2021,854.0
05/03/2021,879.0
06/03/2021,882.0
07/03/2021,870.0
08/03/2021,869.0
09/03/2021,899.0
10/03/2021,893.0
11/03/2021,877.0
12/03/2021,859.0
13/03/2021,855.0
14/03/2021,843.0
15/03/2021,844.0
16/03/2021,839.0
17/03/2021,824.0
18/03/2021,811.0
19/03/2021,818.0
20/03/2021,799.0
21/03/2021,791.0
22/03/2021,787.0
23/03/2021,776.0
24/03/2021,771.0
25/03/2021,782.0
26/03/2021,771.0
27/03/2021,758.0
28/03/2021,763.0
29/03/2021,789.0
30/03/2021,808.0
31/03/2021,805.0
01/04/2021,803.0
02/04/2021,792.0
03/04/2021,769.0
04/04/2021,763.0
05/04/2021,759.0
06/04/2021,731.0
07/04/2021,749.0
08/04/2021,731.0
09/04/2021,728.0
10/04/2021,724.0
11/04/2021,722.0
12/04/2021,731.0
13/04/2021,738.0
14/04/2021,745.0
15/04/2021,757.0
16/04/2021,751.0
17/04/2021,736.0
18/04/2021,734.0
19/04/2021,738.0
20/04/2021,750.0
21/04/2021,815.0
22/04/2021,811.0
23/04/2021,817.0
24/04/2021,801.0
25/04/2021,789.0
26/04/2021,785.0
27/04/2021,807.0
28/04/2021,803.0
29/04/2021,791.0
30/04/2021,790.0
01/05/2021,778.0
02/05/2021,774.0
03/05/2021,770.0
04/05/2021,750.0
05/05/2021,766.0
06/05/2021,746.0
07/05/2021,759.0
08/05/2021,777.0
09/05/2021,783.0
10/05/2021,780.0
11/05/2021,798.0
12/05/2021,766.0
13/05/2021,754.0
14/05/2021,756.0
15/05/2021,741.0
16/05/2021,737.0
17/05/2021,750.0
18/05/2021,749.0
19/05/2021,752.0
20/05/2021,731.0
21/05/2021,718.0
22/05/2021,716.0
23/05/2021,696.0
24/05/2021,692.0
25/05/2021,704.0
26/05/2021,735.0
27/05/2021,751.0
28/05/2021,754.0
29/05/2021,761.0
30/05/2021,759.0
31/05/2021,746.0
01/06/2021,750.0
02/06/2021,743.0
03/06/2021,742.0
04/06/2021,732.0
05/06/2021,717.0
06/06/2021,716.0
07/06/2021,718.0
08/06/2021,787.0
09/06/2021,778.0
10/06/2021,763.0
11/06/2021,757.0
12/06/2021,735.0
13/06/2021,739.0
14/06/2021,748.0
15/06/2021,753.0
16/06/2021,743.0
17/06/2021,740.0
18/06/2021,733.0
19/06/2021,734.0
20/06/2021,741.0
21/06/2021,734.0
22/06/2021,740.0
23/06/2021,721.0
24/06/2021,709.0
25/06/2021,706.0
26/06/2021,703.0
27/06/2021,697.0
28/06/2021,728.0
29/06/2021,760.0
30/06/2021,774.0
01/07/2021,788.0
02/07/2021,805.0
03/07/2021,798.0
04/07/2021,794.0
05/07/2021,787.0
06/07/2021,802.0
07/07/2021,810.0
08/07/2021,809.0
09/07/2021,812.0
10/07/2021,806.0
11/07/2021,801.0
12/07/2021,803.0
13/07/2021,786.0
14/07/2021,777.0
15/07/2021,786.0
16/07/2021,772.0
17/07/2021,764.0
18/07/2021,749.0
19/07/2021,747.0
20/07/2021,763.0
21/07/2021,787.0
22/07/2021,791.0
23/07/2021,776.0
24/07/2021,762.0
25/07/2021,759.0
26/07/2021,760.0
27/07/2021,773.0
28/07/2021,765.0
29/07/2021,768.0
30/07/2021,770.0
31/07/2021,772.0
01/08/2021,772.0
02/08/2021,767.0
03/08/2021,773.0
04/08/2021,771.0
05/08/2021,755.0
06/08/2021,747.0
07/08/2021,739.0
08/08/2021,738.0
09/08/2021,721.0
10/08/2021,779.0
11/08/2021,763.0
12/08/2021,756.0
13/08/2021,753.0
14/08/2021,749.0
15/08/2021,759.0
16/08/2021,758.0
17/08/2021,754.0
18/08/2021,746.0
19/08/2021,771.0
20/08/2021,801.0
21/08/2021,792.0
22/08/2021,788.0
23/08/2021,780.0
24/08/2021,767.0
25/08/2021,759.0
26/08/2021,767.0
27/08/2021,763.0
28/08/2021,753.0
29/08/2021,763.0
30/08/2021,792.0
31/08/2021,787.0
01/09/2021,799.0
02/09/2021,804.0
03/09/2021,782.0
04/09/2021,756.0
05/09/2021,749.0
06/09/2021,757.0
07/09/2021,773.0
08/09/2021,762.0
09/09/2021,762.0
10/09/2021,748.0
11/09/2021,734.0
12/09/2021,735.0
13/09/2021,731.0
14/09/2021,768.0
15/09/2021,778.0
16/09/2021,785.0
17/09/2021,779.0
18/09/2021,769.0
19/09/2021,762.0
20/09/2021,778.0
21/09/2021,808.0
22/09/2021,797.0
23/09/2021,823.0
24/09/2021,817.0
25/09/2021,819.0
26/09/2021,812.0
27/09/2021,795.0
28/09/2021,787.0
29/09/2021,780.0
30/09/2021,791.0
01/10/2021,806.0
02/10/2021,794.0
03/10/2021,790.0
04/10/2021,795.0
05/10/2021,813.0
06/10/2021,822.0
07/10/2021,835.0
08/10/2021,809.0
09/10/2021,798.0
10/10/2021,794.0
11/10/2021,809.0
12/10/2021,820.0
13/10/2021,834.0
14/10/2021,826.0
15/10/2021,825.0
16/10/2021,826.0
17/10/2021,820.0
18/10/2021,818.0
19/10/2021,804.0
20/10/2021,808.0
21/10/2021,820.0
22/10/2021,829.0
23/10/2021,807.0
24/10/2021,804.0
25/10/2021,809.0
26/10/2021,807.0
27/10/2021,792.0
28/10/2021,780.0
29/10/2021,790.0
30/10/2021,788.0
31/10/2021,787.0
01/11/2021,786.0
02/11/2021,789.0
03/11/2021,792.0
04/11/2021,759.0
05/11/2021,730.0
06/11/2021,719.0
07/11/2021,739.0
08/11/2021,761.0
09/11/2021,762.0
10/11/2021,759.0
11/11/2021,774.0
12/11/2021,775.0
13/11/2021,762.0
14/11/2021,760.0
15/11/2021,761.0
16/11/2021,809.0
17/11/2021,798.0
18/11/2021,786.0
19/11/2021,780.0
20/11/2021,787.0
21/11/2021,780.0
22/11/2021,788.0
23/11/2021,787.0
24/11/2021,775.0
25/11/2021,771.0
26/11/2021,759.0
27/11/2021,748.0
28/11/2021,747.0
29/11/2021,745.0
30/11/2021,749.0
01/12/2021,753.0
02/12/2021,759.0
03/12/2021,761.0
04/12/2021,759.0
05/12/2021,758.0
06/12/2021,752.0
07/12/2021,777.0
08/12/2021,763.0
09/12/2021,749.0
10/12/2021,765.0
11/12/2021,758.0
12/12/2021,769.0
13/12/2021,761.0
14/12/2021,765.0
15/12/2021,774.0
16/12/2021,782.0
17/12/2021,751.0
18/12/2021,747.0
19/12/2021,743.0
20/12/2021,738.0
21/12/2021,745.0
22/12/2021,736.0
23/12/2021,735.0
24/12/2021,733.0
25/12/2021,719.0
26/12/2021,718.0
27/12/2021,726.0
28/12/2021,711.0
29/12/2021,695.0
30/12/2021,690.0
31/12/2021,677.0
01/01/2022,687.0
02/01/2022,644.0
03/01/2022,624.0
04/01/2022,641.0
05/01/2022,671.0
06/01/2022,701.0
07/01/2022,725.0
08/01/2022,712.0
09/01/2022,709.0
10/01/2022,713.0
11/01/2022,747.0
12/01/2022,779.0
13/01/2022,785.0
14/01/2022,789.0
15/01/2022,787.0
16/01/2022,774.0
17/01/2022,780.0
18/01/2022,798.0
19/01/2022,810.0
20/01/2022,815.0
21/01/2022,808.0
22/01/2022,799.0
23/01/2022,791.0
24/01/2022,791.0
25/01/2022,789.0
26/01/2022,789.0
27/01/2022,798.0
28/01/2022,794.0
29/01/2022,789.0
30/01/2022,793.0
31/01/2022,800.0
01/02/2022,791.0
02/02/2022,802.0
03/02/2022,795.0
04/02/2022,789.0
05/02/2022,789.0
06/02/2022,779.0
07/02/2022,775.0
08/02/2022,786.0
09/02/2022,789.0
10/02/2022,769.0
11/02/2022,773.0
12/02/2022,712.0
13/02/2022,711.0
14/02/2022,716.0
15/02/2022,773.0
16/02/2022,771.0
17/02/2022,773.0
18/02/2022,753.0
19/02/2022,737.0
20/02/2022,732.0
21/02/2022,714.0
22/02/2022,717.0
23/02/2022,706.0
24/02/2022,743.0
25/02/2022,778.0
26/02/2022,775.0
27/02/2022,763.0
28/02/2022,765.0
01/03/2022,687.0
02/03/2022,720.0
03/03/2022,670.0
04/03/2022,712.0
05/03/2022,714.0
06/03/2022,721.0
07/03/2022,733.0
08/03/2022,675.0
09/03/2022,680.0
10/03/2022,729.0
11/03/2022,713.0
12/03/2022,696.0
13/03/2022,738.0
14/03/2022,703.0
15/03/2022,730.0
16/03/2022,751.0
17/03/2022,726.0
18/03/2022,704.0
19/03/2022,731.0
20/03/2022,752.0
21/03/2022,693.0
22/03/2022,736.0
23/03/2022,747.0
24/03/2022,707.0
25/03/2022,712.0
26/03/2022,731.0
27/03/2022,768.0
28/03/2022,698.0
29/03/2022,721.0
30/03/2022,750.0
31/03/2022,717.0
01/04/2022,783.0
02/04/2022,780.0
03/04/2022,778.0
04/04/2022,779.0
05/04/2022,782.0
06/04/2022,781.0
07/04/2022,769.0
08/04/2022,757.0
09/04/2022,766.0
10/04/2022,770.0
11/04/2022,780.0
12/04/2022,785.0
13/04/2022,790.0
14/04/2022,789.0
15/04/2022,794.0
16/04/2022,788.0
17/04/2022,783.0
18/04/2022,777.0
19/04/2022,777.0
20/04/2022,770.0
21/04/2022,765.0
22/04/2022,762.0
23/04/2022,746.0
24/04/2022,743.0
25/04/2022,614.0
26/04/2022,674.0
27/04/2022,671.0
28/04/2022,632.0
29/04/2022,595.0
30/04/2022,550.0
01/05/2022,586.0
02/05/2022,668.0
03/05/2022,654.0
04/05/2022,691.0
05/05/2022,692.0
06/05/2022,715.0
07/05/2022,732.0
08/05/2022,730.0
09/05/2022,731.0
10/05/2022,742.0
11/05/2022,758.0
12/05/2022,763.0
13/05/2022,770.0
14/05/2022,753.0
15/05/2022,751.0
16/05/2022,765.0
17/05/2022,765.0
18/05/2022,769.0
19/05/2022,758.0
20/05/2022,752.0
21/05/2022,744.0
22/05/2022,727.0
23/05/2022,747.0
24/05/2022,702.0
25/05/2022,721.0
26/05/2022,706.0
27/05/2022,671.0
28/05/2022,668.0
29/05/2022,656.0
30/05/2022,640.0
31/05/2022,612.0
01/06/2022,619.0
02/06/2022,677.0
03/06/2022,688.0
04/06/2022,687.0
05/06/2022,692.0
06/06/2022,664.0
07/06/2022,663.0
08/06/2022,696.0
09/06/2022,699.0
10/06/2022,678.0
11/06/2022,690.0
12/06/2022,689.0
13/06/2022,665.0
14/06/2022,653.0
15/06/2022,717.0
16/06/2022,698.0
17/06/2022,680.0
18/06/2022,698.0
19/06/2022,668.0
20/06/2022,684.0
21/06/2022,698.0
22/06/2022,696.0
23/06/2022,683.0
24/06/2022,699.0
25/06/2022,706.0
26/06/2022,700.0
27/06/2022,675.0
28/06/2022,676.0
29/06/2022,658.0
30/06/2022,591.0
01/07/2022,666.0
02/07/2022,667.0
03/07/2022,671.0
04/07/2022,655.0
05/07/2022,648.0
06/07/2022,669.0
07/07/2022,656.0
08/07/2022,642.0
09/07/2022,657.0
10/07/2022,651.0
11/07/2022,650.0
12/07/2022,659.0
13/07/2022,659.0
14/07/2022,700.0
15/07/2022,675.0
16/07/2022,684.0
17/07/2022,680.0
18/07/2022,678.0
19/07/2022,692.0
20/07/2022,702.0
21/07/2022,684.0
22/07/2022,706.0
23/07/2022,725.0
24/07/2022,716.0
25/07/2022,703.0
26/07/2022,691.0
27/07/2022,664.0
28/07/2022,643.0
29/07/2022,614.0
30/07/2022,626.0
31/07/2022,615.0
01/08/2022,629.0
02/08/2022,619.0
03/08/2022,642.0
04/08/2022,643.0
05/08/2022,643.0
06/08/2022,649.0
07/08/2022,655.0
08/08/2022,639.0
09/08/2022,677.0
10/08/2022,670.0
11/08/2022,687.0
12/08/2022,694.0
13/08/2022,710.0
14/08/2022,678.0
15/08/2022,682.0
16/08/2022,692.0
17/08/2022,696.0
18/08/2022,736.0
19/08/2022,676.0
20/08/2022,685.0
21/08/2022,669.0
22/08/2022,669.0
23/08/2022,718.0
24/08/2022,688.0
25/08/2022,689.0
26/08/2022,665.0
27/08/2022,674.0
28/08/2022,665.0
29/08/2022,648.0
30/08/2022,631.0
31/08/2022,611.0
01/09/2022,610.0
02/09/2022,613.0
03/09/2022,628.0
04/09/2022,643.0
05/09/2022,656.0
06/09/2022,629.0
07/09/2022,639.0
08/09/2022,656.0
09/09/2022,646.0
10/09/2022,654.0
11/09/2022,640.0
12/09/2022,674.0
13/09/2022,679.0
14/09/2022,677.0
15/09/2022,670.0
16/09/2022,714.0
17/09/2022,696.0
18/09/2022,694.0
19/09/2022,693.0
20/09/2022,684.0
21/09/2022,721.0
22/09/2022,697.0
23/09/2022,727.0
24/09/2022,735.0
25/09/2022,758.0
26/09/2022,726.0
27/09/2022,714.0
28/09/2022,676.0
29/09/2022,690.0
30/09/2022,676.0
01/10/2022,692.0
02/10/2022,685.0
03/10/2022,655.0
04/10/2022,620.0
05/10/2022,595.0
06/10/2022,575.0
07/10/2022,607.0
08/10/2022,591.0
09/10/2022,616.0
10/10/2022,624.0
11/10/2022,643.0
12/10/2022,650.0
13/10/2022,629.0
14/10/2022,666.0
15/10/2022,659.0
16/10/2022,661.0
17/10/2022,669.0
18/10/2022,682.0
19/10/2022,723.0
20/10/2022,731.0
21/10/2022,702.0
22/10/2022,716.0
23/10/2022,706.0
24/10/2022,701.0
25/10/2022,691.0
26/10/2022,711.0
27/10/2022,707.0
28/10/2022,683.0
29/10/2022,710.0
30/10/2022,666.0
31/10/2022,669.0
01/11/2022,675.0
02/11/2022,678.0
03/11/2022,674.0
04/11/2022,665.0
05/11/2022,668.0
06/11/2022,677.0
07/11/2022,664.0
08/11/2022,671.0
09/11/2022,669.0
10/11/2022,671.0
11/11/2022,667.0
12/11/2022,682.0
13/11/2022,662.0
14/11/2022,663.0
15/11/2022,686.0
16/11/2022,679.0
17/11/2022,710.0
18/11/2022,701.0
19/11/2022,697.0
20/11/2022,710.0
21/11/2022,693.0
22/11/2022,683.0
23/11/2022,680.0
24/11/2022,672.0
25/11/2022,680.0
26/11/2022,670.0
27/11/2022,646.0
28/11/2022,637.0
29/11/2022,616.0
30/11/2022,565.0
01/12/2022,590.0
02/12/2022,619.0
03/12/2022,617.0
04/12/2022,636.0
05/12/2022,636.0
06/12/2022,638.0
07/12/2022,652.0
08/12/2022,641.0
09/12/2022,675.0
10/12/2022,666.0
11/12/2022,678.0
12/12/2022,702.0
13/12/2022,709.0
14/12/2022,705.0
15/12/2022,691.0
16/12/2022,717.0
17/12/2022,683.0
18/12/2022,687.0
19/12/2022,692.0
20/12/2022,688.0
21/12/2022,683.0
22/12/2022,699.0
23/12/2022,724.0
24/12/2022,750.0
25/12/2022,727.0
26/12/2022,718.0
27/12/2022,660.0
28/12/2022,633.0
29/12/2022,587.0
30/12/2022,544.0
31/12/2022,553.0
01/01/2023,578.0
02/01/2023,596.0
03/01/2023,597.0
04/01/2023,604.0
05/01/2023,628.0
06/01/2023,634.0
07/01/2023,647.0
08/01/2023,661.0
09/01/2023,632.0
10/01/2023,645.0
11/01/2023,653.0
12/01/2023,658.0
13/01/2023,670.0
14/01/2023,713.0
15/01/2023,711.0
16/01/2023,708.0
17/01/2023,667.0
18/01/2023,681.0
19/01/2023,679.0
20/01/2023,687.0
21/01/2023,691.0
22/01/2023,692.0
23/01/2023,673.0
24/01/2023,679.0
25/01/2023,647.0
26/01/2023,631.0
27/01/2023,600.0
28/01/2023,595.0
29/01/2023,597.0
30/01/2023,554.0
31/01/2023,519.0
01/02/2023,592.0
02/02/2023,596.0
03/02/2023,659.0
04/02/2023,624.0
05/02/2023,641.0
06/02/2023,642.0
07/02/2023,651.0
08/02/2023,658.0
09/02/2023,667.0
10/02/2023,661.0
11/02/2023,673.0
12/02/2023,666.0
13/02/2023,675.0
14/02/2023,679.0
15/02/2023,678.0
16/02/2023,686.0
17/02/2023,690.0
18/02/2023,687.0
19/02/2023,683.0
20/02/2023,670.0
21/02/2023,607.0
22/02/2023,639.0
23/02/2023,622.0
24/02/2023,600.0
25/02/2023,591.0
26/02/2023,587.0
27/02/2023,588.0
28/02/2023,565.0
01/03/2023,659.0
02/03/2023,625.0
03/03/2023,633.0
04/03/2023,649.0
05/03/2023,630.0
06/03/2023,681.0
07/03/2023,659.0
08/03/2023,667.0
09/03/2023,652.0
10/03/2023,669.0
11/03/2023,672.0
12/03/2023,673.0
13/03/2023,679.0
14/03/2023,681.0
15/03/2023,691.0
16/03/2023,690.0
17/03/2023,687.0
18/03/2023,679.0
19/03/2023,679.0
20/03/2023,682.0
21/03/2023,680.0
22/03/2023,683.0
23/03/2023,691.0
24/03/2023,706.0
25/03/2023,691.0
26/03/2023,707.0
27/03/2023,692.0
28/03/2023,683.0
29/03/2023,666.0
30/03/2023,646.0
31/03/2023,626.0
01/04/2023,614.0
02/04/2023,633.0
03/04/2023,623.0
04/04/2023,658.0
05/04/2023,682.0
06/04/2023,689.0
07/04/2023,699.0
08/04/2023,698.0
09/04/2023,694.0
10/04/2023,699.0
11/04/2023,706.0
12/04/2023,698.0
13/04/2023,695.0
14/04/2023,702.0
15/04/2023,697.0
16/04/2023,691.0
17/04/2023,710.0
18/04/2023,708.0
19/04/2023,688.0
20/04/2023,688.0
21/04/2023,684.0
22/04/2023,674.0
23/04/2023,662.0
24/04/2023,657.0
25/04/2023,682.0
26/04/2023,611.0
27/04/2023,661.0
28/04/2023,635.0
29/04/2023,610.0
30/04/2023,598.0
01/05/2023,624.0
02/05/2023,607.0
03/05/2023,646.0
04/05/2023,680.0
05/05/2023,668.0
06/05/2023,648.0
07/05/2023,645.0
08/05/2023,686.0
09/05/2023,728.0
10/05/2023,723.0
11/05/2023,718.0
12/05/2023,715.0
13/05/2023,718.0
14/05/2023,698.0
15/05/2023,717.0
16/05/2023,700.0
17/05/2023,740.0
18/05/2023,713.0
19/05/2023,708.0
20/05/2023,687.0
21/05/2023,684.0
22/05/2023,737.0
23/05/2023,746.0
24/05/2023,680.0
25/05/2023,677.0
26/05/2023,700.0
27/05/2023,689.0
28/05/2023,678.0
29/05/2023,660.0
30/05/2023,650.0
31/05/2023,630.0
01/06/2023,614.0
02/06/2023,619.0
03/06/2023,618.0
04/06/2023,624.0
05/06/2023,641.0
06/06/2023,665.0
07/06/2023,678.0
08/06/2023,658.0
09/06/2023,684.0
10/06/2023,657.0
11/06/2023,664.0
12/06/2023,709.0
13/06/2023,698.0
14/06/2023,689.0
15/06/2023,691.0
16/06/2023,739.0
17/06/2023,685.0
18/06/2023,681.0
19/06/2023,686.0
20/06/2023,722.0
21/06/2023,678.0
22/06/2023,689.0
23/06/2023,724.0
24/06/2023,709.0
25/06/2023,701.0
26/06/2023,706.0
27/06/2023,690.0
28/06/2023,651.0
29/06/2023,642.0
30/06/2023,612.0
01/07/2023,598.0
02/07/2023,663.0
03/07/2023,623.0
04/07/2023,613.0
05/07/2023,642.0
06/07/2023,695.0
07/07/2023,699.0
08/07/2023,687.0
09/07/2023,679.0
10/07/2023,713.0
11/07/2023,721.0
12/07/2023,749.0
13/07/2023,746.0
14/07/2023,730.0
15/07/2023,697.0
16/07/2023,705.0
17/07/2023,710.0
18/07/2023,724.0
19/07/2023,715.0
20/07/2023,722.0
21/07/2023,668.0
22/07/2023,677.0
23/07/2023,666.0
24/07/2023,679.0
25/07/2023,658.0
26/07/2023,660.0
27/07/2023,665.0
28/07/2023,670.0
29/07/2023,675.0
30/07/2023,680.0
31/07/2023,682.0
01/08/2023,684.0
02/08/2023,688.0
03/08/2023,638.0
04/08/2023,644.0
05/08/2023,640.0
06/08/2023,642.0
07/08/2023,650.0
08/08/2023,672.0
09/08/2023,672.0
10/08/2023,673.0
11/08/2023,654.0
12/08/2023,641.0
13/08/2023,665.0
14/08/2023,672.0
15/08/2023,668.0
16/08/2023,653.0
17/08/2023,667.0
18/08/2023,666.0
19/08/2023,636.0
20/08/2023,655.0
21/08/2023,654.0
22/08/2023,654.0
23/08/2023,654.0
24/08/2023,652.0
25/08/2023,645.0
26/08/2023,638.0
27/08/2023,633.0
28/08/2023,641.0
29/08/2023,615.0
30/08/2023,598.0
31/08/2023,583.0
01/09/2023,641.0
02/09/2023,613.0
03/09/2023,634.0
04/09/2023,640.0
05/09/2023,646.0
06/09/2023,710.0
07/09/2023,697.0
08/09/2023,711.0
09/09/2023,676.0
10/09/2023,692.0
11/09/2023,720.0
12/09/2023,719.0
13/09/2023,706.0
14/09/2023,706.0
15/09/2023,725.0
16/09/2023,696.0
17/09/2023,704.0
18/09/2023,709.0
19/09/2023,690.0
20/09/2023,718.0
21/09/2023,664.0
22/09/2023,658.0
23/09/2023,661.0
24/09/2023,666.0
25/09/2023,709.0
26/09/2023,694.0
27/09/2023,713.0
28/09/2023,712.0
29/09/2023,696.0
30/09/2023,679.0
01/10/2023,686.0
02/10/2023,692.0
03/10/2023,706.0
04/10/2023,687.0
05/10/2023,703.0
06/10/2023,697.0
07/10/2023,652.0
08/10/2023,649.0
09/10/2023,667.0
10/10/2023,696.0
11/10/2023,735.0
12/10/2023,665.0
13/10/2023,714.0
14/10/2023,678.0
15/10/2023,678.0
16/10/2023,707.0
17/10/2023,702.0
18/10/2023,729.0
19/10/2023,746.0
20/10/2023,723.0
21/10/2023,700.0
22/10/2023,740.0
23/10/2023,738.0
24/10/2023,714.0
25/10/2023,719.0
26/10/2023,716.0
27/10/2023,706.0
28/10/2023,709.0
29/10/2023,683.0
30/10/2023,686.0
31/10/2023,658.0
01/11/2023,656.0
02/11/2023,681.0
03/11/2023,679.0
04/11/2023,663.0
05/11/2023,661.0
06/11/2023,691.0
07/11/2023,682.0
08/11/2023,708.0
09/11/2023,710.0
10/11/2023,689.0
11/11/2023,700.0
12/11/2023,696.0
13/11/2023,708.0
14/11/2023,751.0
15/11/2023,729.0
16/11/2023,737.0
17/11/2023,742.0
18/11/2023,704.0
19/11/2023,726.0
20/11/2023,697.0
21/11/2023,720.0
22/11/2023,744.0
23/11/2023,716.0
24/11/2023,718.0
25/11/2023,686.0
26/11/2023,679.0
27/11/2023,655.0
28/11/2023,644.0
29/11/2023,606.0
30/11/2023,604.0
01/12/2023,633.0
02/12/2023,605.0
03/12/2023,590.0
04/12/2023,611.0
05/12/2023,624.0
06/12/2023,633.0
07/12/2023,646.0
08/12/2023,654.0
09/12/2023,647.0
10/12/2023,648.0
11/12/2023,646.0
12/12/2023,658.0
13/12/2023,671.0
14/12/2023,694.0
15/12/2023,720.0
16/12/2023,717.0
17/12/2023,715.0
18/12/2023,718.0
19/12/2023,710.0
20/12/2023,711.0
21/12/2023,712.0
22/12/2023,654.0
23/12/2023,687.0
24/12/2023,686.0
25/12/2023,681.0
26/12/2023,676.0
27/12/2023,685.0
28/12/2023,633.0
29/12/2023,599.0
30/12/2023,561.0
31/12/2023,584.0
01/01/2024,566.0
02/01/2024,607.0
03/01/2024,561.0
04/01/2024,564.0
05/01/2024,563.0
06/01/2024,560.0
07/01/2024,612.0
08/01/2024,678.0
09/01/2024,682.0
10/01/2024,705.0
11/01/2024,712.0
12/01/2024,719.0
13/01/2024,720.0
14/01/2024,702.0
15/01/2024,700.0
16/01/2024,735.0
17/01/2024,735.0
18/01/2024,734.0
19/01/2024,733.0
20/01/2024,749.0
21/01/2024,744.0
22/01/2024,714.0
23/01/2024,716.0
24/01/2024,717.0
25/01/2024,713.0
26/01/2024,681.0
27/01/2024,690.0
28/01/2024,674.0
29/01/2024,688.0
30/01/2024,666.0
31/01/2024,638.0
01/02/2024,635.0
02/02/2024,650.0
03/02/2024,657.0
04/02/2024,661.0
05/02/2024,685.0
06/02/2024,697.0
07/02/2024,699.0
08/02/2024,724.0
09/02/2024,691.0
10/02/2024,674.0
11/02/2024,689.0
12/02/2024,686.0
13/02/2024,698.0
14/02/2024,675.0
15/02/2024,678.0
16/02/2024,653.0
17/02/2024,662.0
18/02/2024,645.0
19/02/2024,647.0
20/02/2024,618.0
21/02/2024,612.0
22/02/2024,587.0
23/02/2024,582.0
24/02/2024,533.0
25/02/2024,542.0
26/02/2024,552.0
27/02/2024,536.0
28/02/2024,524.0
29/02/2024,524.0
01/03/2024,515.0
02/03/2024,512.0
03/03/2024,508.0
04/03/2024,517.0
05/03/2024,519.0
06/03/2024,536.0
07/03/2024,526.0
08/03/2024,512.0
09/03/2024,493.0
10/03/2024,512.0
11/03/2024,482.0
12/03/2024,545.0
13/03/2024,546.0
14/03/2024,538.0
15/03/2024,549.0
16/03/2024,531.0
17/03/2024,544.0
18/03/2024,587.0
19/03/2024,569.0
20/03/2024,570.0
21/03/2024,573.0
22/03/2024,575.0
23/03/2024,571.0
24/03/2024,562.0
25/03/2024,536.0
26/03/2024,533.0
27/03/2024,523.0
28/03/2024,525.0
30/03/2024,443.0
31/03/2024,496.0
01/04/2024,462.0
02/04/2024,482.0
03/04/2024,521.0
04/04/2024,520.0
05/04/2024,529.0
06/04/2024,528.0
07/04/2024,544.0
08/04/2024,530.0
09/04/2024,582.0
10/04/2024,598.0
11/04/2024,585.0
12/04/2024,618.0
13/04/2024,595.0
14/04/2024,606.0
15/04/2024,608.0
16/04/2024,653.0
17/04/2024,653.0
18/04/2024,663.0
19/04/2024,658.0
20/04/2024,639.0
21/04/2024,645.0
22/04/2024,666.0
23/04/2024,618.0
24/04/2024,564.0
25/04/2024,570.0
26/04/2024,583.0
27/04/2024,573.0
28/04/2024,564.0
29/04/2024,584.0
30/04/2024,587.0
01/05/2024,575.0
02/05/2024,683.0
03/05/2024,694.0
04/05/2024,708.0
05/05/2024,693.0
06/05/2024,702.0
07/05/2024,689.0
08/05/2024,705.0
09/05/2024,657.0
10/05/2024,605.0
11/05/2024,601.0
12/05/2024,603.0
13/05/2024,616.0
14/05/2024,738.0
15/05/2024,740.0
16/05/2024,734.0
17/05/2024,733.0
18/05/2024,728.0
19/05/2024,729.0
20/05/2024,776.0
21/05/2024,764.0
22/05/2024,750.0
23/05/2024,823.0
24/05/2024,796.0
25/05/2024,788.0
26/05/2024,775.0
27/05/2024,777.0
28/05/2024,763.0
29/05/2024,733.0
30/05/2024,645.0
31/05/2024,642.0
31/05/2024,635.0
01/06/2024,642.0
02/06/2024,620.0
03/06/2024,665.0
04/06/2024,674.0
05/06/2024,655.0
06/06/2024,682.0
07/06/2024,654.0
08/06/2024,661.0
09/06/2024,658.0
10/06/2024,699.0
11/06/2024,696.0
12/06/2024,702.0
13/06/2024,694.0
14/06/2024,673.0
15/06/2024,676.0
16/06/2024,695.0
17/06/2024,644.0
18/06/2024,589.0
19/06/2024,593.0
20/06/2024,604.0
21/06/2024,593.0
22/06/2024,582.0
23/06/2024,601.0
24/06/2024,603.0
25/06/2024,590.0
26/06/2024,697.0
27/06/2024,707.0
28/06/2024,720.0
29/06/2024,704.0
30/06/2024,713.0
01/07/2024,699.0
02/07/2024,714.0
03/07/2024,666.0
04/07/2024,613.0
05/07/2024,609.0
06/07/2024,610.0
07/07/2024,623.0
08/07/2024,745.0
09/07/2024,746.0
10/07/2024,740.0
11/07/2024,739.0
12/07/2024,734.0
13/07/2024,734.0
14/07/2024,781.0
15/07/2024,769.0
16/07/2024,755.0
17/07/2024,828.0
18/07/2024,801.0
19/07/2024,792.0
20/07/2024,779.0
21/07/2024,781.0
22/07/2024,767.0
23/07/2024,737.0
24/07/2024,649.0
25/07/2024,638.0
26/07/2024,646.0
27/07/2024,624.0
28/07/2024,668.0
29/07/2024,678.0
30/07/2024,658.0
31/07/2024,686.0
01/08/2024,658.0
02/08/2024,664.0
03/08/2024,662.0
04/08/2024,703.0
05/08/2024,699.0
06/08/2024,706.0
07/08/2024,698.0
08/08/2024,676.0
09/08/2024,679.0
10/08/2024,698.0
11/08/2024,648.0
12/08/2024,592.0
13/08/2024,596.0
14/08/2024,607.0
15/08/2024,596.0
16/08/2024,585.0
17/08/2024,604.0
18/08/2024,606.0
19/08/2024,593.0
20/08/2024,700.0
21/08/2024,710.0
22/08/2024,723.0
23/08/2024,707.0
24/08/2024,715.0
25/08/2024,702.0
26/08/2024,717.0
27/08/2024,669.0
28/08/2024,616.0
29/08/2024,612.0
30/08/2024,613.0
31/08/2024,626.0
01/09/2024,748.0
02/09/2024,749.0
03/09/2024,743.0
04/09/2024,742.0
05/09/2024,737.0
06/09/2024,737.0
07/09/2024,784.0
08/09/2024,772.0
09/09/2024,758.0
10/09/2024,831.0
11/09/2024,803.0
12/09/2024,795.0
13/09/2024,782.0
14/09/2024,784.0
15/09/2024,770.0
16/09/2024,740.0
17/09/2024,652.0
18/09/2024,641.0
19/09/2024,649.0
20/09/2024,627.0
21/09/2024,671.0
22/09/2024,681.0
23/09/2024,661.0
24/09/2024,689.0
25/09/2024,661.0
26/09/2024,667.0
27/09/2024,664.0
28/09/2024,705.0
29/09/2024,702.0
30/09/2024,709.0
01/10/2024,700.0
02/10/2024,679.0
03/10/2024,682.0
04/10/2024,701.0
05/10/2024,651.0
06/10/2024,595.0
07/10/2024,599.0
08/10/2024,610.0
09/10/2024,599.0
10/10/2024,588.0
11/10/2024,607.0
12/10/2024,609.0
13/10/2024,596.0
14/10/2024,703.0
15/10/2024,713.0
16/10/2024,726.0
17/10/2024,710.0
18/10/2024,718.0
19/10/2024,705.0
20/10/2024,720.0
21/10/2024,672.0
22/10/2024,619.0
23/10/2024,615.0
24/10/2024,616.0
25/10/2024,629.0
26/10/2024,751.0
27/10/2024,752.0
28/10/2024,746.0
29/10/2024,745.0
30/10/2024,739.0
31/10/2024,740.0
01/11/2024,787.0
02/11/2024,775.0
03/11/2024,761.0
04/11/2024,833.0
05/11/2024,806.0
06/11/2024,798.0
07/11/2024,785.0
08/11/2024,787.0
09/11/2024,773.0
10/11/2024,743.0
11/11/2024,655.0
12/11/2024,644.0
13/11/2024,651.0
14/11/2024,629.0
15/11/2024,674.0
16/11/2024,683.0
17/11/2024,664.0
18/11/2024,692.0
19/11/2024,663.0
20/11/2024,670.0
21/11/2024,667.0
22/11/2024,708.0
23/11/2024,705.0
24/11/2024,711.0
25/11/2024,703.0
26/11/2024,682.0
27/11/2024,685.0
28/11/2024,704.0
29/11/2024,653.0
30/11/2024,597.0
01/12/2024,602.0
02/12/2024,613.0
03/12/2024,601.0
04/12/2024,591.0
05/12/2024,610.0
06/12/2024,612.0
07/12/2024,599.0
08/12/2024,706.0
09/12/2024,716.0
10/12/2024,729.0
11/12/2024,713.0
12/12/2024,721.0
13/12/2024,708.0
14/12/2024,723.0
15/12/2024,675.0
16/12/2024,622.0
17/12/2024,618.0
18/12/2024,619.0
19/12/2024,632.0
20/12/2024,753.0
21/12/2024,755.0
22/12/2024,749.0
23/12/2024,748.0
24/12/2024,742.0
25/12/2024,743.0
26/12/2024,790.0
27/12/2024,778.0
28/12/2024,764.0
29/12/2024,836.0
30/12/2024,809.0
31/12/2024,801.0
01/01/2025,788.0
02/01/2025,790.0
03/01/2025,776.0
04/01/2025,746.0
05/01/2025,658.0
06/01/2025,647.0
07/01/2025,654.0
08/01/2025,632.0
09/01/2025,677.0
10/01/2025,686.0
11/01/2025,667.0
12/01/2025,695.0
13/01/2025,666.0
14/01/2025,673.0
15/01/2025,670.0
16/01/2025,711.0
17/01/2025,708.0
18/01/2025,714.0
19/01/2025,706.0
20/01/2025,684.0
21/01/2025,688.0
22/01/2025,707.0
23/01/2025,656.0
24/01/2025,600.0
25/01/2025,605.0
26/01/2025,616.0
27/01/2025,604.0
28/01/2025,594.0
29/01/2025,613.0
30/01/2025,615.0
31/01/2025,601.0
01/02/2025,708.0
02/02/2025,719.0
03/02/2025,732.0
04/02/2025,716.0
05/02/2025,724.0
06/02/2025,711.0
07/02/2025,726.0
08/02/2025,677.0
09/02/2025,625.0
10/02/2025,621.0
11/02/2025,622.0
12/02/2025,635.0
13/02/2025,756.0
14/02/2025,758.0
15/02/2025,752.0
16/02/2025,751.0
17/02/2025,745.0
18/02/2025,746.0
19/02/2025,793.0
20/02/2025,781.0
21/02/2025,766.0
22/02/2025,839.0
23/02/2025,812.0
24/02/2025,804.0
25/02/2025,791.0
26/02/2025,793.0
27/02/2025,779.0
28/02/2025,749.0
01/03/2025,661.0
02/03/2025,650.0
03/03/2025,657.0
04/03/2025,635.0
05/03/2025,680.0
06/03/2025,689.0
07/03/2025,670.0
08/03/2025,697.0
09/03/2025,669.0
10/03/2025,676.0
11/03/2025,673.0
12/03/2025,714.0
13/03/2025,711.0
14/03/2025,717.0
15/03/2025,709.0
16/03/2025,687.0
17/03/2025,691.0
18/03/2025,709.0
19/03/2025,659.0
20/03/2025,603.0
21/03/2025,607.0
22/03/2025,619.0
23/03/2025,607.0
24/03/2025,597.0
25/03/2025,616.0
26/03/2025,617.0
27/03/2025,604.0
28/03/2025,711.0
29/03/2025,721.0
30/03/2025,735.0
31/03/2025,719.0
01/04/2025,727.0
02/04/2025,714.0
03/04/2025,729.0
04/04/2025,680.0
05/04/2025,628.0
06/04/2025,623.0
07/04/2025,625.0
08/04/2025,638.0
09/04/2025,759.0
10/04/2025,761.0
11/04/2025,755.0
12/04/2025,753.0
13/04/2025,748.0
14/04/2025,749.0
15/04/2025,796.0
16/04/2025,784.0
17/04/2025,769.0
18/04/2025,842.0
19/04/2025,815.0
20/04/2025,807.0
21/04/2025,794.0
22/04/2025,796.0
23/04/2025,782.0
24/04/2025,752.0
25/04/2025,663.0
26/04/2025,653.0
27/04/2025,660.0
28/04/2025,638.0
29/04/2025,683.0
30/04/2025,692.0
01/05/2025,673.0
02/05/2025,700.0
03/05/2025,672.0
04/05/2025,678.0
05/05/2025,676.0
06/05/2025,717.0
07/05/2025,714.0
08/05/2025,720.0
09/05/2025,712.0
10/05/2025,690.0
11/05/2025,694.0
12/05/2025,712.0
13/05/2025,662.0
14/05/2025,606.0
15/05/2025,610.0
16/05/2025,622.0
17/05/2025,610.0
18/05/2025,600.0
19/05/2025,619.0
20/05/2025,620.0
21/05/2025,607.0
22/05/2025,714.0
23/05/2025,724.0
24/05/2025,738.0
25/05/2025,722.0
26/05/2025,730.0
27/05/2025,716.0
28/05/2025,732.0
29/05/2025,683.0
30/05/2025,631.0
